id,name,type_1,type_2,hp,attack,defense,special_attack,special_defense,speed,height_m,weight_kg
1,bulbasaur,grass,poison,45,49,49,65,65,45,0.7,6.9
4,charmander,fire,,39,52,43,60,50,65,0.6,8.5
7,squirtle,water,,44,48,65,50,64,43,0.5,9.0
25,pikachu,electric,,35,55,40,50,50,90,0.4,6.0
133,eevee,normal,,55,55,50,45,65,55,0.3,6.5
66,machop,fighting,,70,80,50,35,35,35,0.8,19.5
92,gastly,ghost,poison,30,35,30,100,35,80,1.3,0.1
95,onix,rock,ground,35,45,160,30,45,70,8.8,210.0
130,gyarados,water,flying,95,125,79,60,100,81,6.5,235.0
65,alakazam,psychic,,55,50,45,135,95,120,1.5,48.0
143,snorlax,normal,,160,110,65,65,110,30,2.1,460.0
150,mewtwo,psychic,,106,110,90,154,90,130,2.0,122.0
94,gengar,ghost,poison,60,65,60,130,75,110,1.5,40.5
39,jigglypuff,normal,fairy,115,45,20,45,25,20,0.5,5.5
129,magikarp,water,,20,10,55,15,20,80,0.9,10.0
149,dragonite,dragon,flying,91,134,95,100,100,80,2.2,210.0
37,vulpix,fire,,38,41,40,50,65,65,0.6,9.9
104,cubone,ground,,50,50,95,40,50,35,0.4,6.5
144,articuno,ice,flying,90,85,100,95,125,85,1.7,55.4
132,ditto,normal,,48,48,48,48,48,48,0.3,4.0
